file_name,excitement,nervousness,confusion,curiosity,fear,joy,approval,love,neutral,surprise,caring,realization,admiration,sadness,relief,amusement,disapproval,desire,annoyance,optimism,embarrassment,disappointment,anger,gratitude,pride,remorse,disgust,grief
output_AskReddit.csv,0.01172921577624684,0.0048822960121053804,0.03326948417929693,0.03820209413855119,0.01563055714016895,0.030841141236933534,0.08371807683345966,0.030850614390479394,0.4886247053950863,0.010333910803699345,0.02140046771894072,0.039962091554513336,0.04556575562870731,0.043731513145077526,0.004042423483853851,0.034079820729614255,0.034019286325844,0.014632106787405182,0.04821347011097595,0.021155010999789663,0.004697917035663321,0.03208795720769701,0.021495998169690524,0.012131889287583277,0.001892172641037776,0.006459839748286972,0.010188492663860713,0.0020604801338381953
output_Bible.csv,0.048514513220100294,0.4897585237990383,0.13746861836251847,0.06062555359388357,0.048009213936782466,0.028792349750303987,0.0315572089078578,0.026334986853179164,0.05107569935864369,0.002803930909079879,0.013016990645964066,0.06677536392433277,0.005937553300823851,0.009938559029569215,0.015297501911196042,0.0014413675631416547,0.07390043430043644,0.0052884116366151744,0.008547256412268537,0.012032794629228861,0.024365625901964023,0.013708754686538021,0.0032367251423853307,0.005569160708067451,0.00199202049350386,0.0037443208911778114,0.0008932713184871365,0.002113585059640469
output_books.csv,0.36916071028705244,0.013090845608346691,0.0393510520282782,0.02200304657830681,0.12858754472461598,0.042874085073638435,0.019412766006471325,0.01313155176515823,0.012925776806965491,0.050800253649682194,0.09302580357501793,0.04859421585440134,0.05559650166704904,0.05956571239577519,0.0033254865395169566,0.04591289918539715,0.03765393994561671,0.019032377034539725,0.0078125537098772,0.007583420678604947,0.06886065892992423,0.001817672621954548,0.0026941060157083933,0.014333708000528404,0.004348392855877316,0.0010931795299754272,0.01792192814767268,0.006178335427641584
output_changemyview.csv,0.018127036165039537,0.47719136465770784,0.1194823149139403,0.13669651113458758,0.00489870690861229,0.03391873239618439,0.08148345239573934,0.011077546288028001,0.02575009242615539,0.06532717634628211,0.019635642608976215,0.010560377671337669,0.0867048313660901,0.006764832576311226,0.005142466234562325,0.010836708361179326,0.004374352177603954,0.008563976851914108,0.0016554870729061778,0.01311615665335297,0.0026152184713826255,0.006765531106575157,0.004990796574422294,0.021534698174732542,0.0007555645590055154,0.0017807449661665273,0.002656721469630844,0.0006755653824634666
output_CulinaryPlating.csv,0.3024499779843667,0.01699618494297383,0.123030610752755,0.024151341156500163,0.01611149852155698,0.029811761366607764,0.20907578547794395,0.09953179690200985,0.04408568889412178,0.012195676569662743,0.02084233771551826,0.010208230863381034,0.07825047767507533,0.0024953257318444323,0.06010445539212648,0.0020207707608855454,0.024459801788261622,0.01789942655721659,0.05605002458196549,0.006809758765046905,0.0031352954648840156,0.0013533782056823096,0.008725138885509036,0.008496154041526743,0.008407065536123378,0.04321845533352401,0.0007199033387323388,0.0026673423036496714
output_explainlikeimfive.csv,0.5711311197897492,0.1154370886042368,0.062435738160263654,0.03678746516594945,0.0423930527510615,0.01735250326353871,0.008576113138470636,0.006801200355814631,0.02166934498882637,0.004735438824395472,0.030156613341580922,0.06552108224459935,0.023726089771233912,0.02269429413647338,0.004824995264900237,0.010566084465090227,0.0021223553749310647,0.05764850047912111,0.005190076483644448,0.01245399489505157,0.006749310557216129,0.0009123002584241231,0.002328037923535903,0.004197082045378815,0.004500280340988215,0.009049366411227087,0.0021258752664772957,0.00076347088903257
output_OutOfTheLoop.csv,0.5072783013934039,0.1039839311148526,0.03716667983257146,0.07413743994825256,0.06340568237647248,0.07803738975940287,0.06161506414411836,0.01974484771984811,0.007955754926597412,0.033959232747384514,0.019624462443839363,0.006131572316881056,0.032165929198546925,0.026199249575178364,0.013998780040730198,0.005032208372656843,0.00926845901351095,0.008556122608618155,0.005827100931705259,0.009728733324901383,0.006800669365524909,0.017076221201565357,0.0018854280398189584,0.002384095015749479,0.003847635732542192,0.005322424343875334,0.0007965017831181545,0.0009264279234371424
output_philosophy.csv,0.47143538042479444,0.10355573826675232,0.0857254278380528,0.14758999555973668,0.03762409211327304,0.04747061273853278,0.10951576533569492,0.017923737087047472,0.006643095502354363,0.003877143102017678,0.020348310998565225,0.008538775084575363,0.02577642739061024,0.008048279540510564,0.020922384749273916,0.009815882932312003,0.002900709227155449,0.007538630476915452,0.00465399945424875,0.00417880359643707,0.00828983036740974,0.01895021680320335,0.0015596561046066508,0.0024797646827830013,0.00192552407789182,0.0074595937043654805,0.0005861168433851866,0.0007683098821849259
output_science.csv,0.4706467167070072,0.1341388309488106,0.07378532319075083,0.01639296179071436,0.06876092503387617,0.04839128015890636,0.0075914163550121075,0.021639508235741848,0.04819030428702062,0.015426228873157755,0.03127158413374551,0.06967659586490262,0.01450254880681278,0.014742601072997508,0.008725621739486532,0.0038239245806171037,0.034270521654885464,0.02168537938217372,0.009293482786305264,0.010055475240745458,0.012385022261773316,0.007803358781821214,0.004591309998612707,0.0013652426413184775,0.007615710756539152,0.004985875669247606,0.0033311974949923073,0.0010800068268767042
output_shakespeare.csv,0.05798046796890942,0.4039494167105309,0.12388466997067908,0.04550994361295321,0.03359856479024453,0.06636238529313555,0.030431049871303427,0.01956518731608142,0.023176209556501237,0.03361988157100191,0.008659697214407486,0.011629373922794761,0.010581198179654052,0.0015963929977585393,0.002362657569312127,0.013758360980340813,0.12170921897258352,0.011612490720028004,0.014543458644233287,0.004260504819615981,0.006009375131783829,0.052784022558211616,0.0029518487117454603,0.045072056896167265,0.04046555204587442,0.005506935212065545,0.0017371261459794348,0.0009324976094295764
output_skeptic.csv,0.030160385099402637,0.016199684751165254,0.47432226788646825,0.0842912210722436,0.07904772985195636,0.032532168562836826,0.1023900549502721,0.02178721823900834,0.0056902418466123535,0.0037669580235498374,0.030344866568966792,0.06205127776820308,0.0008855703957030445,0.07265393172019546,0.027012681365968936,0.0021947367828699564,0.0113803787830289,0.008789942231496964,0.009202657228699418,0.007024933200232983,0.01156077268052929,0.007558875760121286,0.010695881609289224,0.001800581715148577,0.005976728972758734,0.03528804171023787,0.012838321217320882,0.0009723848242542853
output_sports.csv,0.4555985296865455,0.052697617401598285,0.07959810556742286,0.07238450193732981,0.02830561579962703,0.03521373570697176,0.048133997090943424,0.024414332118343807,0.03454833184979047,0.013006047874514913,0.020137220700093505,0.06489704622895236,0.054940934623572815,0.05518645380868483,0.009386466745526446,0.02166185992728706,0.005267292537390286,0.005477171937269181,0.009922605348697638,0.011206412456904822,0.015518506157481017,0.012478090201824641,0.018347131461544586,0.0023688435215864314,0.004190565528580784,0.0010736904594751439,0.0017017016775852543,0.0017200638284861785
output_todayilearned.csv,0.5048021941415447,0.04270138416708869,0.09539473656274085,0.05016838655818169,0.026017065852385387,0.052773372657751456,0.0407519934058668,0.003625403318556341,0.05739974772304353,0.009599077882099495,0.01729006948374614,0.016233610333151068,0.01528598460260303,0.05035067012128029,0.01662166797962798,0.007568537884580266,0.009671234590943779,0.002244390500565327,0.002340493098558385,0.017800855029188573,0.060907590953084616,0.008023808449664644,0.001043728634888477,0.014728124066362556,0.0013708932410442392,0.004311509636919785,0.007902776173920309,0.012875926356279198
output_TrueOffMyChest.csv,0.32251854053187223,0.10663184887022431,0.122597972126723,0.05354392136395671,0.04380396292761457,0.05943840050078878,0.04112223374316829,0.07240440721515455,0.03136374099567046,0.036920805226279475,0.01854446672801535,0.015000511477170643,0.04098999331324835,0.05735191176406005,0.004646983204693227,0.007563125541986115,0.005779452944189132,0.038319188182695564,0.02799739783509449,0.01602775264729375,0.00869408612517218,0.030291567717212677,0.03240293865563383,0.0027313499979069985,0.002220623935885667,0.013313348271414095,0.005544635785295184,0.029231699871266975
output_TrueReddit.csv,0.47722714472062927,0.11097150491977356,0.09013267840932583,0.009402025334498102,0.08155148589877065,0.034992508036029275,0.021566037134557448,0.06408534882569432,0.035569480783705934,0.07020479122312588,0.022964545238752906,0.006508272345394475,0.015560289916795094,0.0058320564241578,0.009285758172181737,0.027854305613316973,0.0018863374963138853,0.02831038503466955,0.015075357256887294,0.001969310781423867,0.005934964024588037,0.00960225692861509,0.006541854689432472,0.004530324794413616,0.0036243967952415924,0.009533356771949952,0.0008407174792794078,0.0009607989060462962
